trajID,userID,start_poi,start_time,poi_sequence,end_poi,end_time
0,user_maia_bittner,745,1283721751,745 153 495,495,1283750026
1,user_micah_baldwin,56,1247684395,56 94 174,174,1247726307
2,user_micah_baldwin,56,1285107281,56 66 215,215,1285154869
3,user_austin_bryan,153,1285193834,153 56 495,495,1285206577
4,user_caroline_mccarthy,67,1260270125,67 66 154,154,1260302058
5,user_eric_martinez,56,1268934224,56 745 495,495,1268963062
6,user_adam_ostrow,154,1285797278,154 94 2170,2170,1285834582
7,user_nathaniel_mcnamara,67,1280982018,67 215 66,66,1281018492
8,user_tessa_horehled,2170,1243702822,2170 94 454 745,745,1243724221
9,user_tessa_horehled,56,1276138143,56 745 495,495,1276144557
10,user_robert_jones7,963,1275066900,963 94 56,56,1275094256
11,user_mikey_il,745,1270844583,745 153 56,56,1270865513
12,user_sam_ys_yoo,46899,1282029681,46899 3976 52069,52069,1282031440
13,user_ben_roodman,154,1250375069,154 56 745,745,1250388428
14,user_brian_papa,56,1281313375,56 153 495,495,1281331119
15,user_ben_kessler,56,1280007694,56 495 154,154,1280027142
16,user_werner_vogels,94,1277588024,94 963 857,857,1277619053
17,user_peter_cortez,66,1265247498,66 56 215,215,1265278677
18,user_dylan_ko,46899,1275897157,46899 3976 52069,52069,1275924821
19,user_matt_hunter,154,1295484947,154 66 67,67,1295518937
20,user_david_rosen,454,1277141123,454 56 154,154,1277173158
21,user_rob_sheppard,454,1264828948,454 94 66,66,1264852896
22,user_eugene_donca_mollino,3976,1265089790,3976 41704 69750,69750,1265094417
23,user_eugene_donca_mollino,41704,1265609608,41704 69750 3976,3976,1265613898
24,user_eugene_donca_mollino,52327,1267029033,52327 3976 41704,41704,1267045461
25,user_eugene_donca_mollino,3976,1268339065,3976 69750 41704,41704,1268343139
26,user_eugene_donca_mollino,52327,1274283564,52327 69750 3976 41704,41704,1274290827
27,user_eugene_donca_mollino,130969,1281978121,130969 52327 3976 41704,41704,1281984054
28,user_eugene_donca_mollino,69750,1282325700,69750 3976 41704,41704,1282331142
29,user_eugene_donca_mollino,130969,1283353014,130969 3976 52327 41704,41704,1283366050
30,user_eugene_donca_mollino,52327,1285182750,52327 41704 3976,3976,1285186343
31,user_heiko_hebig,66,1270946489,66 153 495,495,1270957051
32,user_anngelica,56,1272581585,56 745 495,495,1272595190
33,user_dave_kerpen,66,1283354272,66 56 1450,1450,1283361819
34,user_john_eckman,154,1253837809,154 66 1450,1450,1253850029
35,user_john_eckman,56,1268097253,56 66 67,67,1268135690
36,user_irene_tien,215,1258070503,215 67 66,66,1258099674
37,user_irene_tien,174,1275768179,174 94 454,454,1275796946
38,user_alex_white,153,1276987631,153 94 174,174,1277018468
39,user_matthew_caldecutt,154,1286754130,154 56 153,153,1286766199
40,user_adam_rodnitzky,67,1301004814,67 174 1450,1450,1301042238
41,user_jeremy_davis,495,1258579434,495 94 963,963,1258616734
42,user_tarah_feinberg,94,1276218415,94 174 67,67,1276254705
43,user_chaz_yoon,1450,1266789529,1450 963 67,67,1266835268
44,user_tikva_morowati,67,1255774351,67 66 495,495,1255819118
45,user_wungjae_hyun,46899,1269951306,46899 52069 3976,3976,1269968535
46,user_damon_garrett,3976,1287987215,3976 130969 69750,69750,1288004272
47,user_yuji_kosugi,52327,1286636630,52327 130969 3976,3976,1286638421
48,user_yuji_kosugi,3976,1289138513,3976 52327 130969,130969,1289159220
49,user_philippe_surber,66,1303594907,66 495 153,153,1303611947
50,user_jayant_pichamuthu,154,1266279213,154 56 454,454,1266281813
51,user_david_klein,153,1276046255,153 56 454,454,1276049062
52,user_david_klein,66,1282924193,66 56 153,153,1282949009
53,user_calvin_chu,94,1276712461,94 963 857,857,1276742174
54,user_mike_odea,56,1276217717,56 153 495,495,1276233064
55,user_peter_kim,495,1251483716,495 94 1450,1450,1251512416
56,user_peter_kim,94,1270076196,94 495 1450,1450,1270099926
57,user_ryan_hinricher,66,1268435476,66 745 495,495,1268462224
58,user_alfred_falciani,56,1270938411,56 153 745,745,1270951980
59,user_dave_schumaker,67,1254256537,67 66 745,745,1254300429
60,user_matt_todd,2170,1255553066,2170 94 153,153,1255571542
61,user_jonathan_vu,66,1279212837,66 56 153,153,1279249821
62,user_chris_brook,495,1285274732,495 745 153 56,56,1285300692
63,user_remington_guest,56,1270590600,56 495 153,153,1270605674
64,user_remington_guest,56,1295562228,56 495 11158,11158,1295591455
65,user_remington_guest,454,1297121428,454 495 56,56,1297152201
66,user_remington_guest,745,1297908818,745 56 11158,11158,1297922162
67,user_emerson_damasceno,66,1283476930,66 154 454,454,1283504242
68,user_patrick,745,1271984787,745 153 154,154,1271989529
69,user_regina_walton,56,1274293362,56 454 11158,11158,1274312222
70,user_regina_walton,454,1278636607,454 56 11158,11158,1278655615
71,user_shinya_ichinohe,52327,1264158804,52327 3976 69750,69750,1264166866
72,user_shinya_ichinohe,52327,1275030248,52327 3976 41704,41704,1275058610
73,user_pavel_kesada,46899,1280435730,46899 106039 3976,3976,1280443352
74,user_pavel_kesada,16244,1283474104,16244 106039 3976,3976,1283474141
75,user_eric_andersen,66,1273723664,66 56 1450,1450,1273746289
76,user_niniane_wang,153,1250289622,153 66 2170,2170,1250307781
77,user_jason_scott,454,1279762730,454 66 215,215,1279797721
78,user_bobby_s,153,1273266429,153 745 495 56,56,1273281426
79,user_jp_kim,46899,1283171982,46899 3976 52069,52069,1283180067
80,user_jp_kim,153,1288783452,153 52069 3976,3976,1288816393
81,user_jp_kim,745,1289507373,745 3976 66 94,94,1289572222
82,user_james_hervey,857,1245003600,857 963 2170,2170,1245038288
83,user_kirill_ka,106039,1281023688,106039 46899 3976,3976,1281049101
84,user_mikhail_geisherik,46899,1277910346,46899 3976 106039,106039,1277950853
85,user_mikhail_geisherik,16244,1281116129,16244 3976 106039,106039,1281146202
86,user_mikhail_geisherik,106039,1283513530,106039 46899 3976,3976,1283521995
87,user_ichikawa_yuichi,52327,1264670722,52327 69750 3976,3976,1264674108
88,user_ichikawa_yuichi,52327,1265708606,52327 3976 69750,69750,1265715265
89,user_ichikawa_yuichi,69750,1268290355,69750 3976 52327,52327,1268327069
90,user_mas_daq,69750,1265542892,69750 3976 41704,41704,1265548063
91,user_mas_daq,41704,1278761234,41704 3976 69750,69750,1278781356
92,user_mas_daq,52327,1286768415,52327 41704 3976,3976,1286774701
93,user_voyager_vision,52327,1264538816,52327 130969 3976,3976,1264539825
94,user_voyager_vision,52327,1264796173,52327 41704 130969 3976,3976,1264798976
95,user_meghan_mccormick,1450,1281323764,1450 94 56,56,1281334620
96,user_mizuman,52327,1283683957,52327 69750 3976,3976,1283707369
97,user_mizuman,41704,1286005451,41704 130969 3976,3976,1286029496
98,user_maiki_mai,41704,1282986239,41704 3976 69750,69750,1282992252
99,user_anton_nikitin,16244,1280313642,16244 3976 106039,106039,1280363223
100,user_gakujin_hirasuna,52327,1274264857,52327 69750 3976,3976,1274269944
101,user_gakujin_hirasuna,41704,1279182185,41704 3976 69750,69750,1279212418
102,user_gakujin_hirasuna,41704,1287222098,41704 130969 3976,3976,1287249243
103,user_dmitry_ufaev,106039,1279836186,106039 3976 46899,46899,1279840966
104,user_jennifer_sandidge,56,1282950375,56 153 154,154,1282968228
105,user_alice_dia,41704,1267104887,41704 52327 3976,3976,1267127094
106,user_smokeymonkey_highness,52327,1266653416,52327 3976 69750,69750,1266672946
107,user_fujino_yukitsugu,41704,1273986361,41704 3976 69750,69750,1273995163
108,user_jazznotjazz,52327,1264748706,52327 3976 69750,69750,1264764816
109,user_jazznotjazz,69750,1267210348,69750 3976 52327,52327,1267221737
110,user_jazznotjazz,130969,1269968787,130969 52327 3976,3976,1269979934
111,user_jazznotjazz,69750,1276110675,69750 130969 3976,3976,1276113601
112,user_jazznotjazz,41704,1278011609,41704 52327 3976,3976,1278013887
113,user_jazznotjazz,52327,1285824370,52327 69750 3976,3976,1285845424
114,user_osamu_iwasaki,69750,1263883165,69750 3976 52327,52327,1263884004
115,user_kazu_skywalker,130969,1280378745,130969 3976 41704,41704,1280420630
116,user_xenop,41704,1280043763,41704 3976 130969,130969,1280057627
117,user_xenop,130969,1293736993,130969 52327 41704,41704,1293744567
118,user_yuriy_gladkiy,16244,1297419683,16244 106039 46899,46899,1297442782
119,user_26,3976,1264163419,3976 52327 130969,130969,1264174328
120,user_26,41704,1264256730,41704 3976 52327,52327,1264281024
121,user_26,130969,1264598511,130969 3976 52327,52327,1264624878
122,user_26,41704,1265098653,41704 130969 3976 69750,69750,1265106146
123,user_26,52327,1275276483,52327 3976 41704,41704,1275296442
124,user_26,130969,1275748772,130969 41704 3976,3976,1275761504
125,user_26,69750,1276676078,69750 3976 41704,41704,1276700991
126,user_26,130969,1282566759,130969 3976 41704,41704,1282581615
127,user_26,52327,1288862863,52327 3976 41704 69750,69750,1288880616
128,user_26,130969,1293198987,130969 3976 41704 52327,52327,1293202018
129,user_26,41704,1296990106,41704 52327 3976,3976,1297002640
130,user_26,52327,1297824922,52327 41704 3976,3976,1297843304
131,user_26,130969,1298020823,130969 52327 3976,3976,1298044266
132,user_kazuhito_kidachi,69750,1267444865,69750 52327 3976,3976,1267474529
133,user_kazuhito_kidachi,41704,1271316264,41704 3976 69750,69750,1271326527
134,user_kazuhito_kidachi,41704,1273319859,41704 3976 52327,52327,1273332575
135,user_kazuhito_kidachi,69750,1274155376,69750 3976 52327 41704,41704,1274180046
136,user_kazuhito_kidachi,41704,1283604509,41704 52327 3976,3976,1283632614
137,user_mike_chang,454,1268705159,454 66 215,215,1268740064
138,user_mike_chang,153,1275426876,153 454 66,66,1275448795
139,user_michele_b,56,1277057077,56 745 495,495,1277089459
140,user_michele_b,56,1279302662,56 495 67,67,1279351610
141,user_marco_ziero,66,1286053217,66 153 56,56,1286072163
142,user_peter_sorgenfrei,495,1282165955,495 56 454,454,1282185780
143,user_atsushi_nakamura,52327,1270046886,52327 3976 69750,69750,1270048069
144,user_atsushi_nakamura,41704,1272441045,41704 52327 3976,3976,1272468350
145,user_atsushi_nakamura,46899,1275810348,46899 3976 41704,41704,1275836268
146,user_cristina_r,56,1280607190,56 495 11158,11158,1280622215
147,user_takehiko_kamijo,41704,1267955615,41704 3976 69750,69750,1267955678
148,user_takehiko_kamijo,52327,1275980575,52327 69750 3976,3976,1275997454
149,user_toonmonk,495,1266125120,495 154 56,56,1266133679
150,user_toonmonk,153,1268613255,153 94 963,963,1268624428
151,user_frontriver,41704,1273306690,41704 3976 69750,69750,1273310573
152,user_frontriver,52327,1277539762,52327 41704 3976,3976,1277542247
153,user_frontriver,69750,1279533410,69750 3976 41704 52327 130969,130969,1279556769
154,user_ayumi_m,41704,1269665417,41704 52327 3976 130969,130969,1269686148
155,user_ayumi_m,41704,1276338969,41704 130969 3976,3976,1276340475
156,user_dan_baker,66,1289416435,66 454 154,154,1289421688
157,user_jenn_ng,454,1255983772,454 66 67,67,1256032959
158,user_cleo,745,1281840227,745 153 454,454,1281872063
159,user_jay_minter,454,1284412466,454 495 745,745,1284415834
160,user_jay_minter,153,1299628786,153 56 454,454,1299634673
161,user_tsuo,3976,1293205410,3976 69750 41704,41704,1293215351
162,user_tsuo,130969,1294750362,130969 3976 69750,69750,1294752835
163,user_tsuo,41704,1295018649,41704 130969 3976 52327,52327,1295022978
164,user_tsuo,41704,1302793929,41704 130969 3976 46899,46899,1302797520
165,user_amasamas,52327,1293632234,52327 3976 41704,41704,1293652266
166,user_amasamas,69750,1303656397,69750 130969 3976,3976,1303680855
167,user_jason_obrien,66,1279165551,66 56 963,963,1279183088
168,user_ihase,52327,1279623255,52327 41704 3976,3976,1279625975
169,user_ihase,41704,1288370683,41704 3976 130969,130969,1288377735
170,user_ihase,46899,1290161169,46899 3976 69750,69750,1290161809
171,user_ihase,41704,1292331452,41704 3976 130969 52327,52327,1292342613
172,user_ihase,46899,1294232343,46899 41704 3976,3976,1294232586
173,user_ihase,41704,1295354763,41704 3976 69750,69750,1295360403
174,user_ihase,69750,1297831127,69750 3976 46899,46899,1297849780
175,user_hutch,41704,1293271313,41704 3976 52327,52327,1293274783
176,user_hutch,41704,1299697128,41704 130969 52327 3976,3976,1299697981
177,user_hutch,52327,1303044657,52327 41704 3976,3976,1303049259
178,user_hutch,52327,1303886382,52327 3976 69750,69750,1303919545
179,user_hutch,41704,1304499496,41704 3976 69750,69750,1304507991
180,user_sanjay_kairam,2170,1269993389,2170 174 67,67,1270023774
181,user_mary_elise_chavez,94,1281712967,94 963 174,174,1281738680
182,user_fernando_moniaga,67,1286073336,67 215 153,153,1286096312
183,user_jeffrey_pia,66,1252926440,66 56 154,154,1252927578
184,user_uxsoup,153,1276806441,153 66 215,215,1276808516
185,user_takeshi_yamamoto,52327,1285827479,52327 130969 3976,3976,1285829604
186,user_takeshi_yamamoto,52327,1288932649,52327 130969 3976 41704,41704,1288957001
187,user_takeshi_yamamoto,130969,1290800095,130969 52327 3976,3976,1290802266
188,user_gauri_manglik,66,1278950391,66 215 857,857,1278988312
189,user_jenn_bee,94,1273348430,94 56 153,153,1273366157
190,user_peter_wells,154,1269825230,154 56 153,153,1269829547
191,user_akira_puku,69750,1279872563,69750 3976 41704,41704,1279905285
192,user_siegfrid,46899,1274793200,46899 3976 52069,52069,1274805670
193,user_735,69750,1277373734,69750 3976 52327,52327,1277380710
194,user_735,69750,1282123806,69750 3976 130969,130969,1282134066
195,user_735,69750,1282555007,69750 3976 41704,41704,1282574072
196,user_735,130969,1283776782,130969 41704 3976,3976,1283795056
197,user_jihoon_yeo,46899,1286736296,46899 3976 52069,52069,1286736875
198,user_kaichi_kuroda,41704,1267365690,41704 3976 69750,69750,1267369505
199,user_kaichi_kuroda,52327,1268220050,52327 41704 3976,3976,1268226557
200,user_kaichi_kuroda,130969,1268401014,130969 3976 52327 41704,41704,1268428578
201,user_kaichi_kuroda,69750,1268575892,69750 3976 41704,41704,1268582021
202,user_kaichi_kuroda,52327,1270127044,52327 3976 130969,130969,1270152837
203,user_kaichi_kuroda,52327,1270993424,52327 3976 41704,41704,1271007919
204,user_kaichi_kuroda,130969,1271583341,130969 41704 3976,3976,1271585137
205,user_kaichi_kuroda,69750,1278940981,69750 3976 52327,52327,1278949067
206,user_kaichi_kuroda,41704,1279445958,41704 3976 52327,52327,1279482878
207,user_kaichi_kuroda,41704,1280043922,41704 52327 3976 69750,69750,1280045891
208,user_kaichi_kuroda,52327,1284298587,52327 3976 69750 130969,130969,1284319765
209,user_kaichi_kuroda,41704,1284900503,41704 3976 52327 69750,69750,1284919121
210,user_kaichi_kuroda,130969,1286024857,130969 3976 52327,52327,1286042664
211,user_kaichi_kuroda,69750,1286095393,69750 52327 3976,3976,1286097306
212,user_kaichi_kuroda,3976,1288789682,3976 52327 41704 130969,130969,1288804422
213,user_kaichi_kuroda,130969,1295465551,130969 3976 41704 52327,52327,1295474411
214,user_kaichi_kuroda,130969,1296666717,130969 3976 69750,69750,1296677704
215,user_kaichi_kuroda,41704,1298472381,41704 3976 130969 52327,52327,1298493206
216,user_kaichi_kuroda,130969,1299222173,130969 52327 3976 41704,41704,1299256007
217,user_kaichi_kuroda,69750,1301498293,69750 3976 41704 52327,52327,1301518777
218,user_kaichi_kuroda,41704,1304860553,41704 52327 3976,3976,1304862569
219,user_kaichi_kuroda,52327,1306488761,52327 41704 3976 69750,69750,1306508601
220,user_takechiyo_yamanaka,69750,1265531271,69750 3976 41704,41704,1265532955
221,user_takechiyo_yamanaka,52327,1266400485,52327 3976 41704,41704,1266401223
222,user_takechiyo_yamanaka,130969,1267183983,130969 52327 3976,3976,1267187841
223,user_takechiyo_yamanaka,16244,1271225208,16244 130969 3976,3976,1271243250
224,user_takechiyo_yamanaka,16244,1278733549,16244 3976 41704,41704,1278746875
225,user_jun_soo_sonn,46899,1299322339,46899 3976 52069,52069,1299335258
226,user_suzanne_schloot,2170,1294074046,2170 56 495,495,1294119317
227,user_chibaffee,130969,1266907207,130969 3976 69750,69750,1266952841
228,user_chibaffee,130969,1274019706,130969 3976 41704 52327,52327,1274036841
229,user_chibaffee,52327,1279471270,52327 3976 130969,130969,1279484519
230,user_chibaffee,52327,1279603901,52327 3976 69750,69750,1279609452
231,user_chibaffee,52327,1285236934,52327 69750 3976,3976,1285241069
232,user_n0bisuke,69750,1282989472,69750 52327 3976,3976,1283003376
233,user_n0bisuke,130969,1283072274,130969 3976 69750 41704,41704,1283078161
234,user_beck,130969,1277019835,130969 3976 41704 52327,52327,1277020074
235,user_liliaceae,41704,1278847087,41704 3976 46899,46899,1278875062
236,user_liliaceae,52327,1285236959,52327 3976 41704,41704,1285262739
237,user_kevin_smith8,56,1278095386,56 153 154,154,1278117880
238,user_08,154,1267915045,154 153 454,454,1267935265
239,user_08,56,1273954196,56 154 153,153,1273957937
240,user_08,454,1274570925,454 56 154,154,1274588549
241,user_sebastian_diaz,56,1271120855,56 495 153,153,1271140033
242,user_hideaki_kiko,130969,1263886874,130969 41704 3976,3976,1263911940
243,user_chirag_patel,94,1251909608,94 174 67,67,1251941310
244,user_eugene_zvedenyuk,16244,1303223714,16244 3976 46899,46899,1303224609
245,user_ruslan_aliev,46899,1301581890,46899 16244 3976,3976,1301586853
246,user_ruslan_aliev,46899,1302961252,46899 3976 106039 16244,16244,1302979995
247,user_alexander_muzychenko,16244,1291247239,16244 3976 106039,106039,1291247755
248,user_alexander_muzychenko,46899,1297683019,46899 3976 106039,106039,1297709398
249,user_tatiana_krasnova,16244,1283527156,16244 46899 106039 3976,3976,1283551294
250,user_artem_soulmate,3976,1285072694,3976 106039 46899,46899,1285087517
251,user_artem_soulmate,46899,1285762046,46899 3976 106039,106039,1285790110
252,user_jaroslaw_lopuszanski,16244,1277900751,16244 3976 46899,46899,1277908212
253,user_lopuszanski,16244,1284457401,16244 3976 46899,46899,1284462235
254,user_erik_albaugh,745,1268337773,745 56 495 454,454,1268350438
255,user_rahul_mahtani,154,1284397813,154 94 174,174,1284422854
256,user_rahul_mahtani,963,1284775164,963 94 154,154,1284788629
257,user_marc_hill,56,1289072508,56 153 454,454,1289091394
258,user_butakao,41704,1265538329,41704 3976 52327,52327,1265564482
259,user_butakao,52327,1269161793,52327 130969 3976 41704,41704,1269187628
260,user_butakao,69750,1270000316,69750 3976 52327,52327,1270027305
261,user_butakao,130969,1277567473,130969 3976 69750,69750,1277577372
262,user_butakao,69750,1278095612,69750 52327 3976,3976,1278099966
263,user_butakao,52327,1278773424,52327 41704 3976,3976,1278779566
264,user_butakao,130969,1282238791,130969 3976 52327,52327,1282246421
265,user_butakao,41704,1285774783,41704 69750 52327 3976,3976,1285781214
266,user_butakao,52327,1291639888,52327 3976 41704,41704,1291663268
267,user_butakao,3976,1294406120,3976 130969 52327,52327,1294422070
268,user_komata_yuichiro,130969,1294673874,130969 52327 69750,69750,1294688596
269,user_masahiro_iba,41704,1274333482,41704 3976 69750,69750,1274350749
270,user_yamkei,130969,1294156906,130969 52327 3976,3976,1294168079
271,user_tj_cho,16244,1278493567,16244 3976 52069,52069,1278527680
272,user_michael_podemski,454,1283117521,454 94 66 963,963,1283137915
273,user_danielle_b,94,1286928520,94 174 67,67,1286965171
274,user_manabu_tanaka,69750,1271305305,69750 3976 41704,41704,1271305783
275,user_fakery99,52327,1267525247,52327 3976 69750 41704,41704,1267544976
276,user_fakery99,130969,1281704051,130969 3976 41704,41704,1281716159
277,user_fakery99,69750,1284640454,69750 3976 41704,41704,1284641468
278,user_fakery99,52327,1285671410,52327 3976 69750,69750,1285679387
279,user_magnus_martin,745,1281655611,745 495 56,56,1281672394
280,user_danielle_a,153,1281051327,153 454 154,154,1281052484
281,user_koji_kojio,41704,1282028985,41704 3976 52327,52327,1282050672
282,user_christie_adema,66,1285115296,66 2170 174,174,1285145009
283,user_navtej_singh,66,1283096051,66 154 745,745,1283134019
284,user_atknktn,69750,1264394557,69750 52327 3976,3976,1264396424
285,user_atknktn,41704,1264482755,41704 3976 69750,69750,1264483619
286,user_atknktn,52327,1264538809,52327 69750 3976,3976,1264539699
287,user_atknktn,41704,1264695621,41704 3976 52327 69750,69750,1264701720
288,user_atknktn,130969,1265865054,130969 52327 3976,3976,1265867567
289,user_atknktn,41704,1274889835,41704 52327 130969 3976,3976,1274891929
290,user_atknktn,69750,1276919634,69750 130969 52327 3976,3976,1276923187
291,user_atknktn,41704,1277393648,41704 3976 52327 130969,130969,1277402564
292,user_atknktn,69750,1278845460,69750 3976 130969,130969,1278850449
293,user_atknktn,69750,1282371586,69750 3976 130969 52327,52327,1282378573
294,user_atknktn,52327,1285685613,52327 130969 3976,3976,1285686661
295,user_atknktn,69750,1285748910,69750 3976 52327 130969,130969,1285775908
296,user_marcela_fae,66,1284570872,66 745 94,94,1284584557
297,user_zach_j,94,1287707926,94 963 67,67,1287743982
298,user_lisa_french,130969,1286788666,130969 69750 52327,52327,1286809855
299,user_benjamin_boehlke,454,1280339755,454 66 215,215,1280368210
300,user_zack_tanner,94,1275499022,94 153 56,56,1275516604
301,user_maggie_liu,67,1284101080,67 215 857,857,1284115803
302,user_brian35,66,1289868028,66 174 215,215,1289907060
303,user_gary_kishida,94,1284513005,94 174 67,67,1284547388
304,user_otakahashi_cojp,46899,1275333369,46899 3976 130969,130969,1275364913
305,user_otakahashi_cojp,52327,1277318375,52327 3976 130969,130969,1277318854
306,user_otakahashi_cojp,52327,1278519689,52327 130969 3976,3976,1278524275
307,user_aaron_grabein,963,1278346741,963 215 67,67,1278380589
308,user_evan_davis,41704,1283333634,41704 3976 16244,16244,1283360546
309,user_evan_davis,69750,1283519129,69750 3976 41704 16244,16244,1283535977
310,user_james_huerta,154,1275867427,154 454 495,495,1275885383
311,user_graham_siener,56,1269987757,56 454 154,154,1270004102
312,user_graham_siener,745,1278968547,745 454 56 154,154,1278983206
313,user_chris_fohlin,66,1280197054,66 56 454,454,1280202499
314,user_theresa_ganchorre,66,1277397160,66 56 215 857,857,1277443290
315,user_adam_mccue,66,1305243952,66 215 67,67,1305276939
316,user_mandy_mckenna,56,1282686075,56 495 454,454,1282700081
317,user_hyunwoo_yi,16244,1297407285,16244 52069 3976,3976,1297429325
318,user_hongje_lee,46899,1291610206,46899 3976 52069,52069,1291648859
319,user_kyung_jin_kim,153,1276591253,153 66 3976,3976,1276603354
320,user_joowon_kim,46899,1284201202,46899 52069 3976,3976,1284207117
321,user_macy_k,94,1273518462,94 454 56,56,1273539580
322,user_rachel_shimizu,41704,1275278499,41704 3976 52327,52327,1275296070
323,user_guillermo_gerpe,154,1305575295,154 56 153,153,1305589462
324,user_mason_evans,745,1281824230,745 56 495,495,1281828917
325,user_jason_damas,67,1293175299,67 215 1450,1450,1293209443
326,user_douglas_lin0,454,1280456517,454 56 94,94,1280460744
327,user_625,16244,1284488478,16244 3976 46899,46899,1284505111
328,user_dana_brandon_kreiss,66,1275663436,66 1450 174,174,1275693865
329,user_anna_sharkova,46899,1277308476,46899 3976 16244,16244,1277329243
330,user_john_brunner,963,1276977729,963 94 454,454,1276996874
331,user_wade,56,1281738138,56 153 11158,11158,1281754469
332,user_lindsay_w,67,1287216457,67 215 66,66,1287248345
333,user_matthew_schultz,454,1267467141,454 56 745,745,1267468121
334,user_matthew_schultz,495,1269377585,495 745 454,454,1269396721
335,user_justin_gould,963,1277920481,963 174 215,215,1277942844
336,user_satocmosnter,52327,1267427645,52327 69750 3976,3976,1267434430
337,user_kyocorin,52327,1264684484,52327 3976 41704,41704,1264713414
338,user_kyocorin,3976,1269062560,3976 41704 69750,69750,1269078302
339,user_kaerugeko,41704,1265895037,41704 69750 3976,3976,1265908629
340,user_kaerugeko,41704,1276094880,41704 3976 52327,52327,1276105185
341,user_kaerugeko,52327,1279013867,52327 41704 3976,3976,1279017345
342,user_nob_seki,130969,1268221344,130969 69750 3976,3976,1268224940
343,user_nob_seki,69750,1277388114,69750 3976 130969,130969,1277394426
344,user_occhie3,3976,1264159649,3976 69750 41704,41704,1264191232
345,user_cao_takaki,3976,1281334966,3976 52327 41704 69750,69750,1281344877
346,user_shimizu_saketen,41704,1266080789,41704 52327 3976,3976,1266088840
347,user_shinsuke_sato,130969,1263882361,130969 3976 69750,69750,1263893057
348,user_stepa_mitaki,16244,1295781577,16244 3976 106039,106039,1295801663
349,user_korobkov,46899,1273593217,46899 3976 106039,106039,1273613723
350,user_korobkov,46899,1277016380,46899 106039 3976,3976,1277043798
351,user_korobkov,16244,1277424258,16244 3976 46899,46899,1277436646
352,user_korobkov,106039,1277514203,106039 46899 3976,3976,1277523632
353,user_korobkov,106039,1279311328,106039 3976 46899 16244,16244,1279333986
354,user_kyle_dean_reinford,454,1262755180,454 153 745,745,1262765714
355,user_vadim_pacev,106039,1277520404,106039 3976 46899,46899,1277562152
356,user_anton_volnuhin,46899,1280522544,46899 106039 3976,3976,1280547802
357,user_denis_tanayev,106039,1270164853,106039 46899 3976,3976,1270177599
358,user_denis_tanayev,16244,1276946357,16244 106039 3976,3976,1276973749
359,user_mio,16244,1281806990,16244 46899 3976,3976,1281809726
360,user_teru,41704,1287215403,41704 3976 52327,52327,1287230637
361,user_sergey_dobrokhvalov,46899,1282253330,46899 3976 106039,106039,1282260113
362,user_anatoly_burchakov,46899,1286801002,46899 106039 3976,3976,1286809564
363,user_anna_kaller,46899,1282911123,46899 3976 106039,106039,1282930580
364,user_kirill_kobylianski,46899,1284907209,46899 3976 106039,106039,1284937141
365,user_alexandr_blohin,16244,1272882691,16244 3976 106039,106039,1272899895
366,user_alexandr_blohin,46899,1274971322,46899 3976 106039,106039,1274988749
367,user_alexandr_blohin,3976,1280066572,3976 106039 16244,16244,1280082634
368,user_alexandr_blohin,46899,1282663019,46899 3976 16244,16244,1282680502
369,user_alexandr_blohin,16244,1282942427,16244 46899 3976,3976,1282942441
370,user_alexandr_blohin,106039,1283081512,106039 3976 46899 16244,16244,1283098528
371,user_anna_kozlova,106039,1285321593,106039 3976 46899,46899,1285335304
372,user_anna_kozlova,16244,1291564816,16244 106039 3976,3976,1291569478
373,user_anna_kozlova,106039,1296833675,106039 46899 3976,3976,1296845414
374,user_masafumi_tada,130969,1287513721,130969 3976 52327,52327,1287520973
375,user_masafumi_tada,41704,1288101315,41704 3976 52327,52327,1288113223
376,user_poooooon_caraldo,41704,1281686523,41704 3976 69750,69750,1281725727
377,user_poooooon_caraldo,41704,1281852846,41704 52327 3976,3976,1281854444
378,user_poooooon_caraldo,41704,1282197536,41704 3976 46899,46899,1282217501
379,user_ray,46899,1287046726,46899 41704 3976,3976,1287050628
380,user_takahiro_yamamoto,41704,1265020632,41704 69750 3976,3976,1265025964
381,user_takahiro_yamamoto,52327,1267280777,52327 69750 3976,3976,1267287143
382,user_hiroyuki_hirakoba,52327,1265011702,52327 3976 69750,69750,1265013630
383,user_matsukaz,130969,1264659540,130969 3976 52327,52327,1264694711
384,user_matsukaz,41704,1264835792,41704 3976 69750,69750,1264854771
385,user_matsukaz,52327,1265042576,52327 3976 130969,130969,1265053257
386,user_matsukaz,69750,1265648478,69750 52327 130969,130969,1265659793
387,user_matsukaz,52327,1266864355,52327 130969 3976,3976,1266867264
388,user_matsukaz,69750,1268289801,69750 3976 52327,52327,1268317692
389,user_matsukaz,3976,1271923561,3976 69750 41704,41704,1271947031
390,user_matsukaz,3976,1272178343,3976 52327 130969,130969,1272189250
391,user_matsukaz,130969,1274951629,130969 52327 3976,3976,1274954679
392,user_matsukaz,52327,1278740285,52327 69750 3976,3976,1278740824
393,user_matsukaz,52327,1280847797,52327 3976 69750,69750,1280865473
394,user_matsukaz,3976,1285994388,3976 130969 52327 69750,69750,1285997978
395,user_matsukaz,69750,1287212926,69750 3976 41704 130969,130969,1287243174
396,user_matsukaz,41704,1288774894,41704 3976 52327,52327,1288790269
397,user_456,52327,1293104488,52327 3976 41704,41704,1293128967
398,user_456,69750,1297941545,69750 52327 41704,41704,1297951395
399,user_niwawan,130969,1279462855,130969 3976 69750,69750,1279463939
400,user_niwawan,69750,1284578738,69750 52327 3976,3976,1284581336
401,user_bon_k,52327,1287035702,52327 3976 69750,69750,1287056149
402,user_masahiro_nishiguchi,41704,1273287739,41704 3976 69750,69750,1273296734
403,user_masahiro_nishiguchi,52327,1287629320,52327 3976 41704 69750,69750,1287635086
404,user_pinkpeco,41704,1268738970,41704 69750 52327 3976,3976,1268775464
405,user_denis_blinov,3976,1275854737,3976 16244 106039,106039,1275865615
406,user_ossi_honkanen,454,1278696987,454 153 56,56,1278712103
407,user_albert_lee4,153,1270348183,153 56 495,495,1270364692
408,user_albert_lee4,56,1273369641,56 454 745 495,495,1273384184
409,user_46,3976,1275234043,3976 46899 106039,106039,1275252702
410,user_takumn,52327,1272867698,52327 69750 3976 41704,41704,1272871836
411,user_nobuo_igarashi,52327,1268151097,52327 41704 3976,3976,1268171433
412,user_akifusa_kanda,130969,1264848817,130969 52327 3976,3976,1264851182
413,user_yamy,52327,1264054287,52327 3976 69750,69750,1264089514
414,user_fazz0611,41704,1269771742,41704 69750 3976,3976,1269780127
415,user_fazz0611,41704,1276348593,41704 3976 130969 52327,52327,1276357663
416,user_890,69750,1282374307,69750 3976 130969 41704,41704,1282389927
417,user_mucky_44,3976,1265698322,3976 41704 52327,52327,1265699392
418,user_coldsleeper,41704,1282643874,41704 3976 69750,69750,1282666856
419,user_toshiyuki_saiba,52327,1279969131,52327 3976 41704,41704,1279985561
420,user_kazuhiro_musashi,69750,1270541664,69750 3976 130969 41704,41704,1270564481
421,user_glorybox510,41704,1269247937,41704 69750 3976,3976,1269258996
422,user_tetsunosuke_ito,3976,1263823237,3976 52327 130969,130969,1263845529
423,user_tetsunosuke_ito,69750,1264190257,69750 3976 52327 130969,130969,1264191701
424,user_tetsunosuke_ito,130969,1269231302,130969 52327 3976,3976,1269232502
425,user_tetsunosuke_ito,41704,1273121710,41704 3976 69750,69750,1273134227
426,user_qiring,41704,1287463527,41704 3976 52327,52327,1287489480
427,user_akamatsu_yuki,3976,1263982700,3976 52327 69750,69750,1264011688
428,user_akamatsu_yuki,41704,1266572375,41704 52327 3976,3976,1266573561
429,user_akamatsu_yuki,69750,1267275253,69750 3976 52327,52327,1267288696
430,user_akamatsu_yuki,69750,1269544120,69750 52327 3976,3976,1269545665
431,user_taca69,130969,1268238755,130969 69750 3976,3976,1268253758
432,user_taca69,41704,1284384034,41704 52327 3976,3976,1284385971
433,user_milkmeta,69750,1270461154,69750 41704 3976,3976,1270478520
434,user_milkmeta,52327,1295851934,52327 3976 69750,69750,1295872998
435,user_tetsuya_sato,52327,1273735146,52327 41704 3976,3976,1273737149
436,user_mayu_hatanaka,41704,1277875011,41704 130969 3976,3976,1277885947
437,user_87,52327,1283584535,52327 3976 69750 41704,41704,1283619159
438,user_caesium133,130969,1276709460,130969 52327 3976,3976,1276712878
439,user_caesium133,52327,1279374193,52327 3976 41704,41704,1279376633
440,user_caesium133,69750,1283601121,69750 3976 41704,41704,1283619127
441,user_caesium133,130969,1284048216,130969 41704 3976,3976,1284056085
442,user_galaxie718,3976,1288787153,3976 69750 41704,41704,1288801057
443,user_galaxie718,130969,1289124512,130969 3976 52327,52327,1289129704
444,user_tsubasa_a,69750,1271001523,69750 41704 3976,3976,1271003588
445,user_tsubasa_a,130969,1272004022,130969 41704 3976,3976,1272011195
446,user_tsubasa_a,52327,1272545399,52327 41704 3976 130969,130969,1272551821
447,user_tsubasa_a,130969,1273463268,130969 3976 41704,41704,1273491569
448,user_tsubasa_a,52327,1275910707,52327 3976 130969,130969,1275912552
449,user_tsubasa_a,3976,1277177372,3976 130969 41704,41704,1277206956
450,user_tsubasa_a,130969,1284545278,130969 52327 3976 41704,41704,1284553789
451,user_miyako_kusuhano,52327,1289714585,52327 41704 3976,3976,1289728325
452,user_unityan,69750,1276623031,69750 41704 3976,3976,1276631609
453,user_unityan,52327,1277665867,52327 3976 41704,41704,1277701745
454,user_unityan,46899,1278348837,46899 3976 41704,41704,1278350794
455,user_hironao,3976,1271493956,3976 69750 52327,52327,1271519008
456,user_hironao,41704,1271595700,41704 52327 3976 69750,69750,1271600336
457,user_750277,69750,1286696341,69750 3976 52327 41704,41704,1286721426
458,user_yamatema_ametamay,41704,1279713031,41704 3976 130969,130969,1279716423
459,user_dmitry_shol,46899,1289929656,46899 3976 16244,16244,1289957430
460,user_mnial,16244,1295627409,16244 3976 46899,46899,1295648148
461,user_genuine_tatsu,52327,1283612302,52327 41704 3976,3976,1283613720
462,user_genuine_tatsu,69750,1285414948,69750 3976 41704,41704,1285424639
463,user_noviiro_itoo,41704,1273904341,41704 52327 3976,3976,1273909623
464,user_sugutti_kova,52327,1293439258,52327 3976 69750,69750,1293445632
465,user_826,69750,1265988643,69750 130969 41704,41704,1265999231
466,user_826,69750,1268236531,69750 3976 41704,41704,1268242555
467,user_826,3976,1273241643,3976 69750 41704,41704,1273255835
468,user_826,130969,1273329026,130969 3976 41704,41704,1273336012
469,user_826,3976,1276762110,3976 130969 41704,41704,1276791312
470,user_826,69750,1279619730,69750 3976 130969 41704,41704,1279633576
471,user_826,52327,1287924843,52327 3976 41704,41704,1287938361
472,user_826,3976,1292063604,3976 41704 52327,52327,1292079120
473,user_826,52327,1293717202,52327 130969 3976,3976,1293718568
474,user_826,52327,1294485514,52327 41704 3976 130969,130969,1294506501
475,user_jere_keys,11158,1289361703,11158 495 56,56,1289363076
476,user_alex_jensen,745,1271359696,745 454 56,56,1271390493
477,user_clark_landry,56,1282329355,56 153 66 215,215,1282384883
478,user_michael_pankov,106039,1273919053,106039 3976 16244,16244,1273929363
479,user_simon_prickett,66,1287253973,66 154 56,56,1287271770
480,user_loop99,52327,1280742285,52327 41704 3976,3976,1280752322
481,user_loop99,130969,1283514376,130969 3976 52327,52327,1283536970
482,user_loop99,69750,1285509108,69750 3976 52327,52327,1285512551
483,user_loop99,46899,1285842270,46899 3976 130969,130969,1285852543
484,user_loop99,52327,1285894712,52327 3976 69750,69750,1285923097
485,user_loop99,46899,1287034888,46899 130969 3976,3976,1287053996
486,user_loop99,52327,1287495757,52327 3976 130969,130969,1287501153
487,user_loop99,69750,1287680412,69750 3976 130969 52327,52327,1287682138
488,user_loop99,52327,1289552912,52327 3976 41704,41704,1289570044
489,user_loop99,41704,1290773901,41704 3976 130969 52327,52327,1290801464
490,user_loop99,130969,1291406367,130969 52327 3976,3976,1291408428
491,user_loop99,52327,1291723326,52327 130969 3976,3976,1291729868
492,user_loop99,46899,1292186799,46899 3976 69750,69750,1292202581
493,user_loop99,130969,1293292523,130969 3976 46899,46899,1293319539
494,user_loop99,3976,1293440119,3976 52327 130969,130969,1293464383
495,user_loop99,69750,1293527325,69750 3976 52327 130969,130969,1293552165
496,user_loop99,41704,1294593933,41704 52327 3976,3976,1294611626
497,user_loop99,69750,1295090390,69750 130969 3976,3976,1295104481
498,user_loop99,3976,1296409226,3976 69750 52327,52327,1296415932
499,user_loop99,69750,1297245622,69750 3976 130969,130969,1297263997
500,user_clive_sheppard,94,1280368545,94 66 215,215,1280399029
501,user_justin_lee5,69750,1283090984,69750 3976 52327,52327,1283101470
502,user_justin_lee5,69750,1283416625,69750 3976 41704,41704,1283428206
503,user_shige_suzuki,41704,1266814902,41704 3976 52327,52327,1266854151
504,user_shige_suzuki,130969,1267425871,130969 3976 52327,52327,1267464715
505,user_tomi0311,52327,1294042807,52327 3976 130969 41704,41704,1294062819
506,user_kazuya_takeshima,52327,1277099010,52327 16244 3976,3976,1277122144
507,user_kazuya_takeshima,41704,1279533689,41704 3976 52327,52327,1279544000
508,user_kazuya_takeshima,52327,1281686256,52327 3976 41704,41704,1281699034
509,user_kakinokizaka_k,130969,1278755022,130969 3976 69750,69750,1278791517
510,user_kakinokizaka_k,69750,1288130038,69750 3976 130969,130969,1288155781
511,user_masa_kawamukai,52327,1275279883,52327 41704 3976,3976,1275293532
512,user_masa_kawamukai,41704,1277324070,41704 3976 52327,52327,1277351894
513,user_masa_kawamukai,130969,1287752977,130969 3976 52327,52327,1287775360
514,user_stk2,69750,1279716007,69750 3976 41704,41704,1279733686
515,user_stk2,52327,1281038859,52327 3976 41704,41704,1281039289
516,user_shungo_arai,52327,1281782908,52327 41704 3976,3976,1281785598
517,user_shungo_arai,3976,1293610376,3976 130969 69750,69750,1293613324
518,user_shungo_arai,52327,1293805125,52327 3976 41704,41704,1293817721
519,user_shungo_arai,41704,1300619309,41704 52327 3976,3976,1300641362
520,user_do9_iigane,41704,1274902365,41704 3976 69750,69750,1274904230
521,user_do9_iigane,69750,1276438134,69750 3976 52327,52327,1276442047
522,user_do9_iigane,69750,1283332966,69750 3976 130969,130969,1283353577
523,user_lukas_f,154,1283664152,154 745 495,495,1283664389
524,user_lenard,154,1277587612,154 153 56,56,1277615518
525,user_foo_koya,41704,1268985678,41704 3976 130969,130969,1269010824
526,user_spacegazer,52327,1279948573,52327 41704 3976,3976,1279985302
527,user_k_sukigara,52327,1277029995,52327 41704 3976,3976,1277033023
528,user_k_sukigara,52327,1283070426,52327 3976 130969,130969,1283076383
529,user_k_sukigara,130969,1286797914,130969 52327 3976,3976,1286799085
530,user_shinya_sakemoto,3976,1301079231,3976 52327 69750 130969,130969,1301136024
531,user_shinya_sakemoto,69750,1302166821,69750 16244 3976 52327,52327,1302192822
532,user_shinya_sakemoto,130969,1302854804,130969 3976 69750,69750,1302865345
533,user_shinya_sakemoto,41704,1302978745,41704 52327 3976,3976,1302979863
534,user_shinya_sakemoto,130969,1303917532,130969 52327 3976,3976,1303919272
535,user_shinya_sakemoto,130969,1305708430,130969 3976 52327,52327,1305719411
536,user_syochin,3976,1266138613,3976 69750 52327,52327,1266164882
537,user_syochin,41704,1268207934,41704 69750 3976,3976,1268247718
538,user_syochin,52327,1271854178,52327 3976 69750,69750,1271864108
539,user_syochin,41704,1289901547,41704 3976 69750,69750,1289911829
540,user_syochin,41704,1294827604,41704 3976 52327 69750,69750,1294841910
541,user_nantan,69750,1268570203,69750 41704 3976,3976,1268588473
542,user_stilo_kitagawa,130969,1272708420,130969 3976 41704,41704,1272719170
543,user_yuichi1123,52327,1293031925,52327 41704 3976,3976,1293053631
544,user_yuichi1123,16244,1295074061,16244 3976 69750,69750,1295088532
545,user_kyle_eggert,154,1274725364,154 94 963,963,1274746989
546,user_mike_arabitg,154,1277587702,154 153 56,56,1277615555
547,user_ama_tsu,130969,1267118870,130969 41704 3976,3976,1267120330
548,user_ama_tsu,52327,1267213139,52327 3976 69750,69750,1267219112
549,user_ama_tsu,41704,1268425517,41704 3976 52327,52327,1268431017
550,user_tactac_tacn,130969,1284010808,130969 3976 41704,41704,1284012702
551,user_some_inu,41704,1272704153,41704 69750 3976,3976,1272723311
552,user_yudai_suzuki,130969,1285496249,130969 52327 3976,3976,1285508758
553,user_iboncool,52327,1275727728,52327 41704 3976,3976,1275729713
554,user_jong_hyeon_choi,46899,1291124196,46899 3976 52069,52069,1291126451
555,user_tigran_khudaverdyan,16244,1278866768,16244 46899 3976,3976,1278891172
556,user_mikhail_shishov,106039,1280587235,106039 3976 46899,46899,1280606404
557,user_shino_japan,130969,1264676360,130969 52327 69750 3976 41704,41704,1264714558
558,user_yoshihiro_kato,130969,1265309942,130969 41704 52327,52327,1265310219
559,user_yoshihiro_kato,16244,1268754156,16244 3976 52327,52327,1268757406
560,user_akihiro_y,69750,1274172560,69750 3976 41704,41704,1274204995
561,user_nobtan,41704,1281587692,41704 16244 3976,3976,1281604161
562,user_nobtan,69750,1283407991,69750 3976 41704 130969,130969,1283414785
563,user_ken_akashi,41704,1289032429,41704 130969 3976,3976,1289050361
564,user_kouichi,41704,1274515844,41704 3976 69750,69750,1274521338
565,user_kiyochan,52327,1270890640,52327 3976 41704,41704,1270898829
566,user_saiut,41704,1271265286,41704 52327 3976,3976,1271269393
567,user_chris_chambers,56,1279306421,56 66 215,215,1279341146
568,user_bluey_hk,66,1285177603,66 454 154,154,1285182893
569,user_dan_norton,1450,1281969469,1450 2170 67,67,1282008192
570,user_brian_walter,94,1278167230,94 66 67,67,1278207395
571,user_jenn_c1,154,1269026905,154 56 153,153,1269045459
572,user_greg_de_j,3976,1284043260,3976 130969 41704,41704,1284051101
573,user_anna_muratova,106039,1299865466,106039 3976 46899,46899,1299874473
574,user_anna_muratova,46899,1301161487,46899 3976 106039,106039,1301198009
575,user_alexander_chupakka,3976,1277990196,3976 46899 106039,106039,1278014538
576,user_lisabet,46899,1284979084,46899 3976 106039,106039,1284982181
577,user_dmitry_khrustalev,3976,1269173593,3976 106039 46899,46899,1269180864
578,user_max_maximov,106039,1277930570,106039 3976 46899,46899,1277949348
579,user_max_maximov,16244,1279329806,16244 3976 46899,46899,1279333423
580,user_vladimir_mikhnovich,46899,1291930545,46899 106039 3976,3976,1291931936
581,user_vladimir_mikhnovich,16244,1299412049,16244 3976 46899,46899,1299440219
582,user_750,3976,1273071361,3976 46899 16244,16244,1273094598
583,user_juliy_chirkov,46899,1276773877,46899 16244 3976,3976,1276779589
584,user_kyujin_lee,46899,1273310019,46899 3976 52069,52069,1273329057
585,user_moritag,41704,1275361213,41704 3976 52327,52327,1275391620
586,user_moritag,130969,1282110847,130969 3976 52327,52327,1282136466
587,user_masao_yamashita,41704,1294579380,41704 130969 3976 52327,52327,1294597073
588,user_masao_yamashita,130969,1298567793,130969 3976 69750,69750,1298569525
589,user_masao_yamashita,130969,1299258804,130969 3976 69750 52327,52327,1299271401
590,user_masao_yamashita,52327,1300689939,52327 69750 3976,3976,1300708097
591,user_masao_yamashita,69750,1301131643,69750 3976 41704 52327,52327,1301137401
592,user_masao_yamashita,130969,1302880532,130969 3976 52327,52327,1302894281
593,user_29,3976,1277476108,3976 41704 52327,52327,1277477462
594,user_keiichi_tanaka,41704,1274198200,41704 52327 3976,3976,1274211731
595,user_mr_tanshin,69750,1284881396,69750 3976 41704,41704,1284887529
596,user_okawarichoudai,46899,1280305103,46899 3976 41704,41704,1280325116
597,user_mctoshi,130969,1283410357,130969 3976 41704,41704,1283413022
598,user_mctoshi,130969,1283845657,130969 3976 69750,69750,1283866875
599,user_masatakam,130969,1282382890,130969 3976 52327,52327,1282399453
600,user_akifumi_yamashita,46899,1281598342,46899 41704 3976,3976,1281601836
601,user_yoshihiro_minegishi,52327,1273415625,52327 41704 3976,3976,1273436499
602,user_inuji,41704,1295628417,41704 3976 69750,69750,1295630803
603,user_wan_wan,69750,1283587870,69750 41704 3976,3976,1283593864
604,user_ryuji_tabata,52327,1267192103,52327 3976 69750,69750,1267207888
605,user_alexey_dolotov,16244,1279241189,16244 46899 3976,3976,1279243852
606,user_alexey_dolotov,16244,1280681129,16244 106039 3976,3976,1280705992
607,user_aleksey_k,16244,1282755759,16244 3976 46899,46899,1282781684
608,user_kemosan,41704,1269316004,41704 3976 130969,130969,1269331901
609,user_kemosan,41704,1277185843,41704 52327 3976,3976,1277188972
610,user_kemosan,69750,1280654983,69750 41704 3976,3976,1280680010
611,user_kemosan,41704,1283148578,41704 3976 52327,52327,1283149832
612,user_kemosan,130969,1284970720,130969 52327 3976 41704,41704,1284998392
613,user_kemosan,41704,1298871018,41704 3976 69750,69750,1298884260
614,user_gotetsu,69750,1266652622,69750 52327 3976 41704,41704,1266674668
615,user_gotetsu,69750,1269060309,69750 3976 52327 41704,41704,1269090946
616,user_gotetsu,41704,1270437368,41704 130969 3976,3976,1270446616
617,user_gotetsu,69750,1273383025,69750 41704 3976,3976,1273387857
618,user_gotetsu,130969,1276153087,130969 41704 3976,3976,1276156502
619,user_gotetsu,69750,1279948611,69750 3976 41704,41704,1279952551
620,user_kazuhiko_kokaji,52327,1282217423,52327 3976 69750,69750,1282220762
621,user_you_got_o,69750,1264014460,69750 3976 41704,41704,1264016737
622,user_keiichi_inoue,41704,1278568438,41704 69750 3976,3976,1278580800
623,user_12,69750,1276334817,69750 3976 130969,130969,1276344084
624,user_12,130969,1280579162,130969 3976 41704,41704,1280589702
625,user_12,41704,1284204678,41704 130969 3976,3976,1284207132
626,user_12,52327,1285182075,52327 41704 3976,3976,1285230196
627,user_12,69750,1289029261,69750 3976 41704,41704,1289062140
628,user_12,3976,1290179701,3976 130969 69750,69750,1290187795
629,user_mb6885,69750,1267248758,69750 3976 41704,41704,1267268738
630,user_fwkw3521,46899,1270050442,46899 41704 3976,3976,1270055423
631,user_lef,41704,1268890708,41704 3976 69750,69750,1268913386
632,user_lef,52327,1271255632,52327 69750 41704 3976,3976,1271271851
633,user_lef,3976,1274938227,3976 41704 69750,69750,1274948304
634,user_masanori_takada,52327,1266576096,52327 130969 3976,3976,1266578615
635,user_masanori_takada,41704,1276588482,41704 130969 3976,3976,1276591251
636,user_masanori_takada,52327,1278057168,52327 41704 3976,3976,1278073353
637,user_masanori_takada,130969,1278321293,130969 3976 41704,41704,1278352597
638,user_masanori_takada,69750,1282922629,69750 41704 3976,3976,1282928410
639,user_zaharrra,106039,1298137690,106039 3976 46899,46899,1298156617
640,user_zaharrra,16244,1300556506,16244 3976 46899 106039,106039,1300585648
641,user_yoshitak,41704,1273466858,41704 52327 3976,3976,1273468002
642,user_yoshitak,130969,1274524304,130969 3976 52327 69750,69750,1274534841
643,user_00_a,41704,1272648585,41704 3976 69750,69750,1272655378
644,user_00_a,52327,1279428543,52327 3976 41704,41704,1279466496
645,user_00_a,41704,1280050518,41704 3976 52327,52327,1280068936
646,user_00_a,41704,1286611462,41704 3976 130969,130969,1286624481
647,user_00_a,52327,1287660899,52327 130969 3976,3976,1287663844
648,user_thug_style,69750,1281072976,69750 3976 41704 52327,52327,1281090831
649,user_viktoriya_martsenyuk,16244,1302911193,16244 46899 3976,3976,1302918927
650,user_mitsutaka_shionoya,130969,1293467752,130969 3976 69750,69750,1293471268
651,user_kosuke_kamiya,41704,1268299539,41704 3976 130969,130969,1268324121
652,user_kosuke_kamiya,69750,1268412083,69750 52327 3976,3976,1268421017
653,user_boohbah,41704,1264831391,41704 52327 3976 69750,69750,1264859263
654,user_riki_sekita,41704,1266492693,41704 52327 3976,3976,1266507559
655,user_riki_sekita,69750,1268228900,69750 3976 41704,41704,1268231837
656,user_riki_sekita,52327,1279615196,52327 3976 41704,41704,1279642183
657,user_parlan_u,52327,1269441428,52327 41704 3976,3976,1269442736
658,user_parlan_u,52327,1272616406,52327 3976 69750,69750,1272632051
659,user_shiro_nuko,52327,1288323801,52327 3976 69750,69750,1288342584
660,user_shiro_nuko,130969,1296976169,130969 3976 41704,41704,1296979103
661,user_shiro_nuko,52327,1304250874,52327 3976 41704,41704,1304275595
662,user_jacopever_grouper,52327,1298048187,52327 3976 41704,41704,1298062590
663,user_hasitetu,69750,1294556414,69750 3976 41704,41704,1294570710
664,user_naoishix_paparabi,52327,1276696667,52327 69750 3976,3976,1276712830
665,user_naoishix_paparabi,41704,1278415485,41704 3976 69750,69750,1278436512
666,user_semmu,41704,1264860354,41704 3976 69750,69750,1264870051
667,user_xassodesignware,69750,1269766837,69750 52327 41704 3976,3976,1269777401
668,user_yamachu,41704,1283070719,41704 3976 130969,130969,1283075093
669,user_yamachu,69750,1283671891,69750 3976 41704,41704,1283696082
670,user_yamachu,52327,1283838519,52327 3976 69750,69750,1283839761
671,user_yamachu,41704,1284114417,41704 52327 130969 3976,3976,1284118496
672,user_yamachu,52327,1285416070,52327 3976 41704,41704,1285420312
673,user_kanoka,69750,1277178393,69750 41704 3976,3976,1277188625
674,user_kanoka,52327,1277493521,52327 69750 3976,3976,1277495630
675,user_kanoka,69750,1282535652,69750 3976 41704,41704,1282567605
676,user_kanoka,52327,1283492617,52327 130969 41704,41704,1283506297
677,user_kanoka,3976,1283949037,3976 69750 41704,41704,1283960312
678,user_kanoka,130969,1284022472,130969 69750 52327 3976,3976,1284029892
679,user_kanoka,41704,1284344790,41704 3976 69750,69750,1284349627
680,user_kanoka,130969,1286715831,130969 41704 3976,3976,1286720967
681,user_kanoka,52327,1287645260,52327 41704 3976,3976,1287658236
682,user_junji_yumoto,52327,1267804026,52327 41704 3976,3976,1267815889
683,user_junji_yumoto,52327,1275662363,52327 3976 41704,41704,1275673646
684,user_junji_yumoto,130969,1283534073,130969 3976 41704,41704,1283536662
685,user_otarako,130969,1275054340,130969 3976 41704,41704,1275075850
686,user_otarako,52327,1281254599,52327 3976 41704,41704,1281268969
687,user_hide_hachi,69750,1289048519,69750 3976 41704,41704,1289058857
688,user_koichi,52327,1276363109,52327 41704 3976,3976,1276365958
689,user_koichi,46899,1283690206,46899 3976 41704,41704,1283707712
690,user_moyashi,52327,1264261907,52327 3976 69750,69750,1264268337
691,user_moyashi,41704,1274530646,41704 52327 3976,3976,1274547210
692,user_mochi_oka,3976,1273251044,3976 130969 41704,41704,1273262364
693,user_mochi_oka,52327,1280998946,52327 41704 3976 130969,130969,1281007848
694,user_dmitry_krasnoukhov,16244,1301087906,16244 46899 3976,3976,1301092576
695,user_sakhno_yulia,46899,1303083419,46899 3976 16244,16244,1303089125
696,user_yoshihiro,41704,1265135892,41704 69750 3976,3976,1265136317
697,user_yoshihiro,41704,1267024310,41704 3976 69750,69750,1267032424
698,user_yoshihiro,16244,1267619060,16244 3976 41704,41704,1267621420
699,user_yoshihiro,3976,1270012898,3976 69750 41704,41704,1270029536
700,user_yoshihiro,69750,1273746064,69750 3976 52327,52327,1273763088
701,user_yoshihiro,52327,1280062956,52327 3976 69750,69750,1280071407
702,user_yoshihiro,41704,1282317664,41704 130969 52327 3976,3976,1282321700
703,user_yoshihiro,130969,1283945406,130969 41704 3976,3976,1283959368
704,user_yoshihiro,41704,1285759050,41704 130969 3976,3976,1285783400
705,user_yoshihiro,41704,1286548771,41704 3976 130969 52327,52327,1286551395
706,user_yoshihiro,46899,1286957313,46899 130969 41704 3976 69750,69750,1286976210
707,user_yoshihiro,46899,1287237178,46899 3976 41704,41704,1287249478
708,user_yoshihiro,41704,1287736835,41704 3976 130969,130969,1287751913
709,user_leon_tai,41704,1284037632,41704 3976 130969,130969,1284040727
710,user_leon_tai,130969,1284900843,130969 41704 3976,3976,1284903515
711,user_leon_tai,130969,1288610437,130969 3976 69750,69750,1288621385
712,user_leon_tai,69750,1290407395,69750 3976 130969,130969,1290418231
713,user_ksk_snd,3976,1286023758,3976 41704 130969,130969,1286032976
714,user_saisiki,41704,1291632045,41704 3976 52327,52327,1291646027
715,user_saisiki,3976,1299661650,3976 69750 52327,52327,1299704582
716,user_nepa,69750,1292065388,69750 3976 41704,41704,1292085466
717,user_poca,130969,1264240400,130969 69750 3976,3976,1264247544
718,user_poca,41704,1268476030,41704 3976 130969,130969,1268492250
719,user_poca,41704,1288908994,41704 69750 130969,130969,1288918591
720,user_3373,130969,1304527036,130969 3976 52327,52327,1304528927
721,user_3373,52327,1305265217,52327 41704 3976 69750,69750,1305293789
722,user_yuri_serpinsky,106039,1300062272,106039 46899 3976,3976,1300064106
723,user_koichi_inao,52327,1273902836,52327 41704 3976,3976,1273904456
724,user_koichi_inao,41704,1278663959,41704 69750 3976,3976,1278690372
725,user_koichi_inao,130969,1286554206,130969 41704 3976,3976,1286554936
726,user_dmitry_arsentyev,106039,1305399113,106039 46899 3976,3976,1305413575
727,user_hiderows,69750,1280487812,69750 3976 52327 41704,41704,1280490199
728,user_hiderows,130969,1280656622,130969 3976 41704,41704,1280657978
729,user_hiderows,130969,1281265666,130969 3976 69750,69750,1281277899
730,user_hiderows,52327,1284056737,52327 69750 3976,3976,1284058057
731,user_hiderows,41704,1285602909,41704 3976 69750,69750,1285605217
732,user_hiderows,41704,1286373322,41704 130969 3976,3976,1286374960
733,user_callorus,69750,1273329065,69750 3976 41704,41704,1273350545
734,user_callorus,52327,1281291312,52327 3976 41704,41704,1281295574
735,user_hiroyuki_arai,52327,1266334639,52327 69750 3976,3976,1266335576
736,user_5roo,52327,1283241123,52327 130969 3976,3976,1283258392
737,user_5roo,41704,1284350964,41704 3976 52327,52327,1284393686
738,user_5roo,52327,1287031936,52327 41704 3976,3976,1287058202
739,user_keiichi_yoshipara,130969,1294421141,130969 52327 3976,3976,1294423189
740,user_t_suguto_k_oyama,41704,1272168727,41704 3976 69750,69750,1272199883
741,user_t_cognac,46899,1307176392,46899 3976 41704,41704,1307181834
742,user_0403,3976,1290321837,3976 52327 41704,41704,1290333749
743,user_0403,69750,1293964995,69750 41704 3976,3976,1293970608
744,user_0403,52327,1302400741,52327 41704 3976,3976,1302409280
745,user_zaltower,69750,1306856159,69750 41704 3976,3976,1306860201
746,user_tatsuya_aizawa,3976,1264191914,3976 41704 69750,69750,1264198597
747,user_artiom_sue,16244,1305026451,16244 3976 46899,46899,1305031557
748,user_tomomi,52327,1273906283,52327 3976 69750,69750,1273942693
749,user_sam7,56,1270747563,56 745 154,154,1270784639
750,user_sam7,745,1276815544,745 495 154,154,1276832683
751,user_sam7,11158,1277160876,11158 154 153,153,1277185359
752,user_sam7,154,1291321517,154 11158 56,56,1291345609
753,user_hiroshi_ota,69750,1292850738,69750 3976 41704,41704,1292874489
754,user_31,52327,1308460726,52327 3976 41704,41704,1308495565
755,user_bassoon5091,69750,1283004382,69750 3976 130969,130969,1283014317
756,user_yuji_kamata,3976,1269238681,3976 69750 41704,41704,1269239488
757,user_evgeny_antipoff,16244,1303044440,16244 46899 3976,3976,1303061945
758,user_chiaki0924,69750,1272801915,69750 3976 52327,52327,1272805445
759,user_chiaki0924,69750,1273671111,69750 130969 3976,3976,1273680308
760,user_razorbeam,41704,1281957363,41704 130969 3976,3976,1281961093
761,user_takafumi,69750,1293208059,69750 3976 41704,41704,1293208870
762,user_takafumi,130969,1295358959,130969 41704 3976,3976,1295371069
763,user_matt_brucker,16244,1280857879,16244 154 153 745,745,1280886924
764,user_yuu_sakamoto,3976,1267167048,3976 41704 69750,69750,1267183460
